Id,TotalParagens,Latitude,Longitude
 ESTR.CIRCUNVALAÇÃO ,86,41.146584,-8.579357
 R.D.AFONSO HENRIQUES ,32,41.19645,-8.576491
 AV.BOAVISTA ,30,41.159073,-8.634337
 AV.FERNÃO MAGALHAES ,22,41.179573,-8.582121
 R.COSTA CABRAL ,22,41.172386,-8.5874405
 R.S.VICENTE ,21,41.236572,-8.525795
 R.5 OUTUBRO ,19,41.143635,-8.535733
 R.CONCEIÇÃO FERNANDES ,16,41.114037,-8.602271
 R.GUERRA JUNQUEIRO ,15,41.204887,-8.5869875
 R.BÉLGICA ,15,41.13142,-8.651694
 AV.REPÚBLICA ,14,41.11619,-8.60671
 R.OURO ,14,41.148323,-8.648438
 R.DIOGO BOTELHO ,14,41.15212,-8.655342
 R.S.ROQUE LAMEIRA ,13,41.160835,-8.577648
 AV.DA CONDUTA ,13,41.169624,-8.5507345
 AV.GEN.HUMBERTO DELGADO ,12,41.157444,-8.529389
 R.CIDRES ,12,41.219658,-8.679025
 R.OSCAR DA SILVA ,12,41.216454,-8.692268
 R.AMIAL ,11,41.17548,-8.613824
 R.RESTAURAÇÃO ,11,41.14541,-8.625267
 R.ELIAS GARCIA ,11,41.219467,-8.558834
 R.GODINHO FARIA ,11,41.196434,-8.610796
 R.PADRE COSTA ,11,41.188667,-8.597224
 AV.MARECHAL GOMES COSTA ,11,41.157284,-8.667089
 R.PASSEIO ALEGRE ,10,41.14917,-8.672047
 AV.ALIADOS ,10,41.147457,-8.611436
 AV.PAIVA COUCEIRO ,10,41.143833,-8.581927
 AV.DR.ANTUNES GUIMARÃES ,10,41.19367,-8.688848
 R.D.ANTÓNIO CASTRO MEIRELES ,10,41.19793,-8.59471
 R.CUSTIÓ ,10,41.222492,-8.638627
 AV.ENG.DUARTE PACHECO ,10,41.196434,-8.521133
 R.VASCO GAMA ,10,41.19484,-8.510061
 R.MOSTEIRO ,10,41.209724,-8.574867
 R.CORONEL CARLOS MOREIRA ,10,41.241486,-8.63767
 R.BARREIRO ,9,41.234104,-8.669369
 R.CÂNDIDO REIS ,9,41.13518,-8.611994
 AV.ANTUNES GUIMARÃES ,9,41.170334,-8.657434
 R.S.GENS ,9,41.192516,-8.634635
 R.EDUARDO CASTRO GANDRA ,9,41.153774,-8.513829
 AV.D.JOAO I ,9,41.1688,-8.559098
 R.NOVA SEIXO ,9,41.192562,-8.633518
 AV.CARVALHA ,9,41.163914,-8.539246
 R.SANTANA ,9,41.216064,-8.614118
 R.CRASTO ,9,41.105965,-8.640869
 R.CAMPO ALEGRE ,9,41.15364,-8.640988
 R.CONSTITUIÇÃO ,8,41.16368,-8.617913
 R.ARREGADAS ,8,41.222717,-8.572733
 R.MANUEL GONÇALVES LAGE ,8,41.20534,-8.591488
 R.GENERAL HUMBERTO DELGADO ,8,41.214638,-8.588389
 VIA ESTRUTURANTE DE CRESTINS ,8,41.231358,-8.65554
 R. AREIAS ,8,41.159355,-8.555126
 R.MANUEL PINTO AZEVEDO ,8,41.17108,-8.644485
 R.REI RAMIRO ,8,41.13813,-8.621593
 R.D.JOÃO CASTRO ,8,41.18182,-8.532333
 AV.VASCO GAMA ,8,41.191284,-8.658287
 R.ESTRADA NOVA ,8,41.18252,-8.559799
 R.JÚLIO DINIS ,8,41.15643,-8.627884
 R.1 MAIO (N 105) ,8,41.238262,-8.532312
 R.RODRIGUES FREITAS ,8,41.213272,-8.554373
 R.S.BRÁS ,8,41.218914,-8.663181
 R.SIMÕES LOPES ,8,41.228848,-8.555346
 R.RECAREI ,8,41.1958,-8.633602
 R.LOMBA ,8,41.20334,-8.66474
 R.CONS.LUÍS MAGALHÃES ,8,41.254143,-8.653679
 ALAM.HERNÂNI MONTEIRO ,7,41.183353,-8.60238
 R.ANTERO QUENTAL ,7,41.216652,-8.541614
 R.ESCOLAS ,7,41.1615,-8.572711
 AV.AEROPORTO ,7,41.23405,-8.67005
 R.31 JANEIRO ,7,41.221336,-8.687876
 R.PEDRO ÁLVARES CABRAL ,7,41.170162,-8.560094
 R.BONFIM ,7,41.1507,-8.594581
 R.OCIDENTAL ,7,41.22416,-8.706945
 VIA DE ARDEGÃES ,7,41.230736,-8.572611
 R.CÊRCO PORTO ,7,41.159363,-8.56896
 R.SANTOS DIAS ,7,41.20259,-8.608657
 R.JOÃO VIEIRA ,7,41.189507,-8.56191
 R.BARÃO CORVO ,7,41.127125,-8.624727
 AV.CALOUSTE GULBENKIAM ,7,41.181408,-8.659201
 R.D.MANUEL II ,7,41.148876,-8.626218
 AV.RODRIGUES FREITAS ,7,41.14558,-8.603578
 R.MANUEL J.FERNANDES SANTOS ,7,41.220417,-8.546237
 R.MONTE BURGOS ,7,41.170124,-8.625879
 R.REGADIO ,7,41.191185,-8.676948
 R.MANUEL FERREIRA PINTO ,6,41.22204,-8.603626
 R.MARTIM MONIZ ,6,41.170948,-8.67078
 R.GONDIVAI ,6,41.214027,-8.634938
 R.VALE FORMOSO ,6,41.17082,-8.6126995
 R.ALEGRIA ,6,41.15792,-8.601768
 R.S.DINIS ,6,41.167496,-8.617266
 R.ARROTEIA ,6,41.225075,-8.545618
 R.DR.BERNARDINO MACHADO ,6,41.24234,-8.621114
 AV.SERPA PINTO ,6,41.18559,-8.696014
 R.NOVA ALFÂNDEGA ,6,41.140804,-8.616863
 R.SÁ BANDEIRA ,6,41.149406,-8.607408
 R.CENTRAL CAMPO ,6,41.182583,-8.474788
 R.S.TOMÉ ,6,41.184013,-8.609535
 R.TENENTE VALADIM ,6,41.13402,-8.632195
 R.AUGUSTO SIMÕES ,6,41.22298,-8.615154
 AV.MONTEVIDEU ,6,41.15973,-8.683749
 R.FREIXO ,6,41.145504,-8.578613
 R.D.HENRIQUE CERNACHE ,6,41.12035,-8.626563
 AV.ESCULTORES ,6,41.139336,-8.635542
 LGO.FERREIRA LAPA ,6,41.155197,-8.628362
 R.OLIVEIRA MONTEIRO ,6,41.16125,-8.624762
 R.MAÍNÇA ,6,41.203205,-8.623049
 R.PONTE PARADA ,6,41.206985,-8.596673
 R.DR.EDUARDO TORRES ,6,41.180557,-8.668855
 AV.D.AFONSO HENRIQUES ,6,41.184032,-8.68411
 R.JOSÉ JOAQUIM R.TELES ,6,41.21644,-8.5512905
 R.ANTÓNIO FRANCISCO SOUSA ,6,41.107605,-8.638664
 R.SOARES REIS ,6,41.120583,-8.609766
 AV.CONDE ,6,41.19344,-8.609892
 R.PADRE LUÍS CAMPOS ,6,41.241848,-8.610406
 AV.ANT.MACEDO ,6,41.198883,-8.691805
 R.JOÃO COUTINHO ,6,41.178116,-8.646567
 R.ALTO CHAQUEDAS ,6,41.11181,-8.653876
 ALAM.DAS ANTAS ,6,41.16414,-8.588536
 R.AUGUSTO LESSA ,6,41.170006,-8.602464
 R.ORIENTAL ,6,41.223816,-8.695235
 R.BARTOLOMEU VELHO ,6,41.154922,-8.658153
 R.LINHARES ,6,41.217224,-8.658546
 PR.MARQUÊS POMBAL ,5,41.16059,-8.604211
 R.ANTÓNIO J.ALMEIDA ,5,41.205273,-8.643356
 R.D.PEDRO V ,5,41.151154,-8.629133
 CASA DA MÚSICA ,5,41.161274,-8.629439
 R.CRUZ GUARDEIRAS ,5,41.248276,-8.662064
 R.FERROVIÁRIO ,5,41.209595,-8.66155
 R.AFONSO ALBUQUERQUE ,5,41.15729,-8.661204
 AV.VILLAGARCIA AROSA ,5,41.180363,-8.667174
 AV.BRASIL ,5,41.157463,-8.681936
 AV.5 OUTUBRO ,5,41.190155,-8.4977255
 R.CABEDA ,5,41.206093,-8.528899
 R.FALCÃO ,5,41.157204,-8.574555
 AV.ANTÓNIO SANTOS LEITE ,5,41.22753,-8.618663
 R.MATAS ,5,41.12103,-8.633059
 R.P. ABÍLIO SAMPAIO ,5,41.24681,-8.611832
 R.ESTEVES ,5,41.164898,-8.557274
 R.GONDARÉM ,5,41.15672,-8.680328
 R.MACHADO SANTOS ,5,41.12996,-8.631328
 AV.LIBERDADE ,5,41.19105,-8.705817
 AV.FRANÇA ,5,41.166348,-8.626443
 R.ÁLVARO CASTELÕES ,5,41.18281,-8.687924
 AV.ASSOC.EMP.DE PORTUGAL ,5,41.17691,-8.653801
 R.CONDOMINHAS ,5,41.1526,-8.6494465
 R.MONSANTO ,5,41.171936,-8.6140785
 R.GEN.HUMBERTO DELGADO ,5,41.21149,-8.532002
 AV.25 ABRIL ,5,41.155537,-8.58627
 R.LIDADOR ,5,41.174965,-8.66067
 R.MANUEL M.COSTA JÚNIOR ,5,41.09614,-8.631825
 R.ANTÓNIO MANUEL SEQUEIRA ,5,41.15185,-8.5019045
 R.PASSOS MANUEL ,5,41.197487,-8.663926
 AV.JOAO DEUS ,5,41.20928,-8.555704
 AV.DESCOBRIMENTOS ,5,41.11876,-8.622123
 R.CINCO OUTUBRO ,4,41.214066,-8.594581
 R.NOVA SANTEGÃOS ,4,41.1938,-8.568491
 R.STA.CATARINA ,4,41.158054,-8.604609
 AV.GUSTAVO EIFFEL ,4,41.14169,-8.599186
 R.ALFREDO CUNHA ,4,41.185966,-8.678766
 R.MONTE PIPOS ,4,41.200317,-8.655203
 R.CONTUMIL ,4,41.16843,-8.582528
 R.LARANJEIRAS ,4,41.19835,-8.608268
 R.PONTE MOREIRA ,4,41.23838,-8.648025
 R.1 ,4,41.25403,-8.6645975
 R.N.SRA.AMPARO ,4,41.177876,-8.540992
 ALAM.BASÍLIO TELES ,4,41.14693,-8.632216
 R.MOALDE ,4,41.191147,-8.605229
 AV.D.MANUEL II ,4,41.233936,-8.62026
 R.D.FREI ESTEVES VASQUEZ PIMENTEL ,4,41.20766,-8.622646
 PR.ESTAÇÃO ,4,41.18347,-8.557679
 R.JORNAL NOTÍCIAS ,4,41.17045,-8.666221
 AV.N.SRA.NATIVIDADE ,4,41.187992,-8.587944
 NOVO ARRUAMENTO ,4,41.17641,-8.603467
 R.PAULO GAMA ,4,41.148045,-8.657239
 R.SANTOS POUSADA ,4,41.153755,-8.599726
 R.CAMILO CASTELO BRANCO ,4,41.13674,-8.632999
 TV.CAVADA NOVA ,4,41.17707,-8.548701
 R.PORTO MOURO ,4,41.203682,-8.658015
 R.PROF.MOTA PINTO ,4,41.16648,-8.650115
 R.MARECHAL SALDANHA ,4,41.15498,-8.677655
 R.N.SRA.DO AMPARO ,4,41.245792,-8.512889
 R.ANT.BERNARDINO ALMEIDA ,4,41.18275,-8.604007
 R.CEGONHAS ,4,41.179142,-8.637455
 R.GEN.TORRES ,4,41.13423,-8.609621
 R.ROBERTO IVENS ,4,41.182613,-8.6911955
 R.MANUEL LARANJEIRA ,4,41.17319,-8.598679
 PR.GONÇALVES ZARCO ,4,41.168335,-8.687852
 AV.LIDADOR MAIA ,4,41.20562,-8.561353
 R.D.SILVIA ALVES TEIXEIRA ,4,41.232864,-8.604731
 ESTR.N.107 ,4,41.22522,-8.681942
 R.ANT.JOSE ALMEIDA ,4,41.20505,-8.642982
 R.ARQUITETO CASSIANO BARBOSA ,4,41.166115,-8.647526
 R.SERPA PINTO ,4,41.13351,-8.6181965
 R.SALGUEIROS ,4,41.22498,-8.583469
 R.SOL POENTE ,4,41.198956,-8.70251
 R.GONÇALVES ZARCO ,4,41.214752,-8.674706
 R.HEROÍSMO ,4,41.147522,-8.588986
 AV.FLORES ,4,41.214527,-8.600051
 AV.SALGADO ZENHA ,4,41.1946,-8.660867
 R.FEZ ,4,41.161472,-8.666201
 AV.COMERCIO  LEIXÕES ,4,41.189533,-8.682231
 AV.GIL VICENTE ,4,41.112038,-8.611312
 R.VELOSO SALGADO ,4,41.204662,-8.688895
 R.JORGE FERREIRINHA ,4,41.23093,-8.59905
 R.ARAÚJO ,4,41.216904,-8.63588
 R.CONS.VELOSO CRUZ ,4,41.128906,-8.611969
 R.EDUARDO J.R.FIGUEIRA ,4,41.195656,-8.496007
 R.PASSARIAS ,4,41.233738,-8.534949
 R.FARIA GUIMARÃES ,4,41.16587,-8.606264
 R.MARINHA ,4,41.100395,-8.647865
 R.MEIRAL ,4,41.167164,-8.562711
 R.DR.OLIVEIRA LOBO ,4,41.166325,-8.546957
 R.MONCHIQUE ,4,41.14482,-8.627113
 R.AZEVÊDO ,4,41.151745,-8.568754
 R.CAP.SALGUEIRO MAIA ,4,41.101196,-8.58964
 R.FONSECA DIAS ,4,41.1877,-8.489259
 R.HENRIQUE BRAVO ,4,41.195915,-8.601104
 R.RIBEIRO CAMBADO ,4,41.1926,-8.51503
 R.MIOSÓTIS ,4,41.17707,-8.619766
 AV.ANT.DOMINGUES SANTOS ,4,41.186382,-8.657943
 R.DR.ROBERTO FRIAS ,4,41.17891,-8.598766
 R.ENG.CARLOS AMARANTE ,4,41.175556,-8.61597
 R.GUARDEIRAS ,4,41.245625,-8.664805
 R.CAMÕES ,4,41.1543,-8.610085
 R.TOURAIS ,4,41.198345,-8.667247
 R.SOBREIRO ,4,41.189373,-8.6516075
 R.CAMPISMO ,3,41.101208,-8.658182
 R.PAUS ,3,41.197186,-8.67192
 R.PONTE PEDRA ,3,41.20964,-8.605234
 R.5 ,3,41.255157,-8.66283
 R.ALDEIA NOVA ,3,41.1032,-8.649241
 R.MEDANCELHE ,3,41.189106,-8.558395
 R.MONTE MINA ,3,41.192905,-8.633058
 LGO.CABINE ,3,41.10619,-8.641142
 R.DR.MANUEL PEREIRA SILVA ,3,41.174236,-8.600452
 R.TEIXEIRA LOPES ,3,41.19975,-8.640853
 AV.INFANTE D.HENRIQUE ,3,41.12286,-8.613971
 R.CRUZES ,3,41.168365,-8.646038
 R.AGRA ,3,41.21245,-8.59453
 AV.RAMOS PINTO ,3,41.13709,-8.617916
 AV.VISCONDE BARREIROS ,3,41.232613,-8.625139
 R.VISCONDE DEVESAS ,3,41.12905,-8.619646
 LGO.SOUTO ,3,41.20232,-8.642063
 R.ALEXANDRE BRAGA ,3,41.149513,-8.606674
 R.DAMIÃO GÓIS ,3,41.16227,-8.615825
 R.BOLAMA ,3,41.16542,-8.603158
 R.PINTO BESSA ,3,41.149914,-8.590404
 R.BONJÓIA ,3,41.15164,-8.5819025
 PR.GALIZA ,3,41.152557,-8.626995
 R.STA.LUZIA ,3,41.177395,-8.624705
 AV.MENERES ,3,41.178787,-8.685062
 AV.ENG.LUDGERO MARQUES ,3,41.126007,-8.631327
 AV.COMBATENTES G.GUERRA ,3,41.193134,-8.697372
 R.MOUZINHO SILVEIRA ,3,41.144962,-8.611169
 R.IGREJA MADALENA ,3,41.103855,-8.643562
 R.VILAR ,3,41.15122,-8.628509
 R.FONTE VELHA ,3,41.199326,-8.63996
 R.M.FERREIRA CRUZ ,3,41.21375,-8.601543
 AV.GOMES JUNIOR ,3,41.113846,-8.635426
 PR.BATALHA ,3,41.145298,-8.607078
 R.CASTELOS ,3,41.168076,-8.629485
 R.DR.JOAQUIM NOGUEIRA SANTOS ,3,41.228676,-8.579702
 R.ENG.FARINAS ALMEIDA ,3,41.152058,-8.503892
 R.D.JOÃO IV ,3,41.153038,-8.60225
 R.TRINDADE ,3,41.151333,-8.609415
 R.SILVA TAPADA ,3,41.165947,-8.592189
 R.GODINHO ,3,41.1845,-8.68402
 R.MOLHE ,3,41.161003,-8.679511
 R.ARRÁBIDA ,3,41.149506,-8.643904
 R.ANTÓNIO SIMÕES ,3,41.186325,-8.590596
 R.SOUSA AROSO ,3,41.17702,-8.682828
 R.S.ROMÃO VERMOIM ,3,41.22611,-8.615627
 R.FERNÃO MAGALHÃES ,3,41.173878,-8.551467
 R.SILVA BRINCO ,3,41.190662,-8.611867
 R.SENHOR ,3,41.18314,-8.6464405
 R.ALEXANDRE HERCULANO ,3,41.14427,-8.605205
 R.CONDE COVILHÃ ,3,41.174477,-8.653746
 PRACETA HEROIS ULTRAMAR ,3,41.159767,-8.528904
 R.BRITO CAPELO ,3,41.17811,-8.689153
 R.CORUJEIRAS ,3,41.107353,-8.608367
 R.LAGE ,2,41.23037,-8.619433
 R.PADRE AMÉRICO ,2,41.21929,-8.604366
 AV.DIOGO LEITE ,2,41.138805,-8.609809
 TV.NOVA DA GIESTA ,2,41.188957,-8.589024
 PRACETA OLIVEIRAS ,2,41.111336,-8.629377
 R.NOVA S.GEMIL ,2,41.200592,-8.583225
 TV.TENENTE VALADIM ,2,41.13206,-8.636082
 R.PINHEIRO ,2,41.219395,-8.542966
 R.JOÃO DE BARROS ,2,41.15518,-8.663033
 LGO.S.SEBASTIÃO ,2,41.2067,-8.623296
 R.CONSELHEIRO COSTA AROSO ,2,41.2392,-8.633448
 R.25 ABRIL ,2,41.139347,-8.531857
 R.GESTALINHO ,2,41.24761,-8.607543
 R.ANTÓNIO AROSO ,2,41.165684,-8.670921
 AV.F.PEREIRA MELO ,2,41.178513,-8.648754
 R.FERNÃO LOPES ,2,41.113438,-8.611694
 R.N.SRA. DA SILVA ,2,41.16977,-8.668115
 R.SERRALVES ,2,41.154682,-8.650206
 R.ACTOR MÁRIO VIEGAS ,2,41.1736,-8.56138
 R.AREEIROS ,2,41.10577,-8.661164
 R.PAÇO DE SOUSA ,2,41.167923,-8.669468
 R.ANTÓNIO CARDOSO ,2,41.15917,-8.640868
 R.DR.SEVERIANO ,2,41.160843,-8.531165
 R.PÁDUA CORREIA ,2,41.126183,-8.606558
 R.NOVA S.CRISPIM ,2,41.16069,-8.592811
 R.ANTÓNIO MARQUES ,2,41.238594,-8.613522
 LGO.LAPA ,2,41.156994,-8.612948
 R.GONÇALO MENDES MAIA ,2,41.18147,-8.585173
 LGO.VENDA NOVA ,2,41.174156,-8.545781
 AV.MANUEL PINTO AZEVEDO ,2,41.185493,-8.647442
 R.ANGOLA ,2,41.16971,-8.659703
 R.ALFREDO KEIL ,2,41.156746,-8.666097
 R.SARMENTO BEIRES ,2,41.169796,-8.628109
 R.BOLHÃO ,2,41.15141,-8.607307
 R.ALVES SALDANHA ,2,41.18832,-8.49299
 R.BOA HORA ,2,41.212288,-8.665202
 R.DE ALTOS ,2,41.236866,-8.612916
 PR.EXÉRC.LIBERTADOR ,2,41.166656,-8.625133
 R.PONTE DO CARRO ,2,41.210197,-8.664549
 LGO.ANT.CÁLEM ,2,41.148605,-8.653657
 R.SRA.LUZ ,2,41.15165,-8.676853
 LGO.PADRE JOAQUIM SANTOS ,2,41.200134,-8.665607
 PR.ALMEIDA GARRETT ,2,41.14581,-8.610829
 R.PROF.AMADEU SANTOS ,2,41.098034,-8.625048
 R.RODELO ,2,41.11527,-8.645888
 R.VESSADA ,2,41.215874,-8.593061
 R.NATÁRIA ,2,41.16743,-8.6240635
 R.DR.AIRES GOUVEIA OSÓRIO ,2,41.17044,-8.648461
 R.DOMINGOS BONTEMPO ,2,41.204945,-8.637871
 R.MAINÇA ,2,41.19435,-8.6189
 R.DR.ALFREDO MAGALHÃES ,2,41.15434,-8.60945
 R.PENA ,2,41.11242,-8.643945
 AV.CIDADE XANGAI ,2,41.17292,-8.633272
 R.ÁLVARES CABRAL ,2,41.154247,-8.613889
 R.SIMÃO BOLIVAR ,2,41.233803,-8.624628
 R.ENG.DUARTE PACHECO ,2,41.239563,-8.621358
 R.SENHOR MATOSINHOS ,2,41.126743,-8.624775
 PR.LIBERDADE ,2,41.14664,-8.611614
 R.ENG.FERNANDO PINTO OLIVEIRA ,2,41.19866,-8.699402
 R.ALBERTO AIRES GOUVEIA ,2,41.14638,-8.620294
 R.DR.JOSÉ A.MARQUES ,2,41.163895,-8.570193
 R.BUÇACO ,2,41.166553,-8.575062
 LGO.ESTAÇÃO ,2,41.21685,-8.553759
 R.CMDTE.QUELHAS LIMA ,2,41.193317,-8.616829
 AV.DR.GERMANO VIEIRA ,2,41.217403,-8.59889
 R.DR.DOMINGOS MATOS ,2,41.120804,-8.6333
 R.HÍNTZE RIBEIRO ,2,41.19067,-8.701537
 LGO.CAMPO LINDO ,2,41.169933,-8.607755
 R.CONCHAS ,2,41.22119,-8.59078
 R.S.JOÃO BRITO ,2,41.1624,-8.650849
 R.QUATRO CAMINHOS ,2,41.188457,-8.651368
 R.LEVADA ,2,41.172436,-8.560426
 R.CALHEIROS LOBO ,2,41.1243,-8.631666
 R.PINHEIRO MANSO ,2,41.168182,-8.649086
 R.CATASSOL ,2,41.22032,-8.614179
 R.JOSÉ RODRIGUES JÚNIOR ,2,41.23284,-8.618696
 VL9 ,2,41.13834,-8.601592
 R.CAMPO LINDO ,2,41.16809,-8.610429
 R.BESSA LEITE ,2,41.15767,-8.645596
 R.FORMIGA ,2,41.209713,-8.542131
 R.PRELADA ,2,41.16679,-8.625918
 R.CEDOFEITA ,2,41.154556,-8.618884
 R.A.CASAIS MONTEIRO ,2,41.14871,-8.622849
 R.TOMÁS RIBEIRO ,2,41.182068,-8.685067
 R.DE MARIA LAMAS ,2,41.170856,-8.637349
 R.VALE DOS AMORES ,2,41.187862,-8.489618
 TV.DOS MANINHOS ,2,41.22096,-8.607664
 LGO.MONTINHO ,2,41.135002,-8.630421
 R.JOÃO MASCARENHAS ,2,41.153366,-8.655218
 RUA FERREIRA DE CASTRO ,2,41.109776,-8.611152
 R.ALMEIRIGA NORTE ,2,41.220566,-8.713028
 R.OLIVEIRA GAIO ,2,41.186382,-8.603569
 R.D.NUN''ÁLVARES PEREIRA ,2,41.179066,-8.679021
 R.JULIÃO SARMENTO ,2,41.197124,-8.494241
 R.SAGRES ,2,41.162476,-8.663326
 R.INFANTE D.HENRIQUE ,2,41.141144,-8.614119
 R.JERÓNIMO AZEVEDO ,2,41.17952,-8.648587
 R.MARQUÊS SÁ BANDEIRA ,2,41.123005,-8.611449
 R.CONDE FERREIRA ,2,41.190163,-8.505777
 R.ANÍBAL CUNHA ,2,41.153404,-8.620881
 R.FRANCOS ,2,41.16698,-8.6337595
 R.HENRIQUE BARROS ,2,41.2235,-8.608074
 R.BARROS LIMA ,2,41.151505,-8.594216
 R.JOSÉ LUIS ARAÚJO ,2,41.174282,-8.547913
 R.CENTRAL ARDEGÃES ,2,41.226036,-8.567834
 R.BELMONTE ,2,41.142612,-8.6168375
 C.24 AGOSTO ,2,41.148838,-8.598923
 R.SOEIRO MENDES ,2,41.17625,-8.663111
 LGO.CAPELA ,2,41.213284,-8.649853
 R.MOSTEIRO LEÇA ,2,41.20514,-8.620264
 URB.VILA D''ESTE ,2,41.097008,-8.587952
 R.DR.VASCO VALENTE ,2,41.166332,-8.66025
 R.ROCHA PEIXOTO ,2,41.16563,-8.657389
 R.CORONEL RAÚL PERES ,2,41.15266,-8.678449
 PR.REPÚBLICA ,2,41.154633,-8.613343
 AV.FABRIL NORTE ,2,41.187298,-8.654051
 R.FORMOSA ,2,41.14734,-8.602883
 R.ANT.FELICIANO CASTILHO ,2,41.185272,-8.5821
 R.CEGONHEIRA ,2,41.235435,-8.609853
 PR.MOUZINHO ALBUQUERQUE ,2,41.15895,-8.629483
 R.PADRE JOSÉ P.DUARTE ,2,41.2368,-8.629881
 R.BOM SUCESSO ,2,41.15577,-8.628349
 R.D.AMÉLIA M.ALVES ,2,41.19124,-8.583398
 R.CAVACO ,2,41.23369,-8.600262
 R.CERRO ,2,41.10684,-8.656463
 R.PEDRO HISPANO ,2,41.165527,-8.629972
 R.FERNANDES TOMÁS ,2,41.149666,-8.604888
 R.CLUBE CAÇADORES ,2,41.11156,-8.602894
 R.DOMINGOS BARREIROS TOMÉ ,2,41.237568,-8.625026
 AV.DR.FRANCISCO SÁ CARNEIRO ,2,41.17785,-8.56208
 R.FERREIRA CASTRO ,2,41.177795,-8.642295
 R.CONDE CASTELO MELHOR ,2,41.165985,-8.578652
 R.LOURINHA ,2,41.180935,-8.558853
 AV.SIDÓNIO PAIS ,2,41.164623,-8.637155
 R.ILHA S.MIGUEL ,2,41.226833,-8.548664
 TÚNEL RIBEIRA ,2,41.141113,-8.61044
 R.CONDE AVRANCHES ,2,41.176846,-8.61148
 R.PADRE ANTÓNIO VIEIRA ,2,41.148956,-8.58809
 LGO.S.FRANCISCO ,2,41.140503,-8.616531
 R.JACINTOS ,2,41.233906,-8.612688
 R.VILARINHA ,2,41.171852,-8.672948
 R.BOA NOVA ,2,41.095955,-8.620516
 R.SENDIM ,2,41.18702,-8.676357
 R.ANTÓNIO GALVÃO ,2,41.159866,-8.666191
 R.ALVARO RODRIGUES ,2,41.177357,-8.663744
 R.ALTINO COELHO ,2,41.231564,-8.613233
 R.FREI DIOGO MELO PEREIRA ,2,41.205574,-8.622658
 R.ILHAR MOURISCA ,2,41.19075,-8.492037
 R.DR.GERMANO VIEIRA ,2,41.218147,-8.602833
 PR.GUILHERME GOMES FERNANDES ,2,41.147694,-8.614693
 R.IGREJA ,2,41.233482,-8.629438
 ESTR.N.105 ,2,41.22631,-8.5538645
 AV.OLIVEIRA ZÍNA ,2,41.194336,-8.507225
 R.HERÓIS ÁFRICA ,2,41.191116,-8.7015705
 R.ESCOLA MANINHO ,2,41.109962,-8.632529
 URB.JOSÉ DOMINGUES POÇAS ,2,41.105213,-8.643718
 R.PADRE DEHON ,2,41.160313,-8.553122
 TV.5 OUTUBRO ,2,41.222054,-8.598977
 ESPLANADA RIO JANEIRO ,2,41.17242,-8.688119
 R.CARVALHIDO ,1,41.168957,-8.625408
 PR.GUILHERMINA SUGGIA ,1,41.188034,-8.685783
 LGO.COVILHÃ ,1,41.15222,-8.510718
 TV.31 JANEIRO ,1,41.227375,-8.685474
 R.SOUTO CONTUMIL ,1,41.167023,-8.578636
 R.GÓLGOTA ,1,41.152245,-8.634914
 R.ALBERTO LAURA MOREIRA ,1,41.1988,-8.696851
 TV.ENXURREIRAS ,1,41.18047,-8.588516
 R.DELFIM MAIA ,1,41.17285,-8.6097975
 R.SANTA CATARINA ,1,41.146774,-8.6067705
 R.DIOGO CÃO ,1,41.16522,-8.592718
 R.ENG. MAIA BERNARDO ,1,41.172005,-8.558483
 R.AUGUSTO MARTINS ,1,41.23115,-8.62198
 R.SARAIVA DE CARVALHO ,1,41.14315,-8.608979
 VIA ACESSO P.ARRÁBIDA-V.N.GAIA ,1,41.14526,-8.64006
 R.LÓ FERREIRA ,1,41.18284,-8.685411
 R.1 DE MAIO ,1,41.18258,-8.68238
 R.FONTE CONTUMIL ,1,41.168262,-8.579938
 R.AUGUSTO GOMES ,1,41.123417,-8.633909
 ESPLANADA CASTELO ,1,41.148903,-8.6725855
 R.MORGADO MATEUS ,1,41.146507,-8.601517
 R.AREIAS ,1,41.224026,-8.713924
 LGO.ALJUBARROTA ,1,41.136925,-8.6179
 R.GIL EANES ,1,41.157635,-8.660244
 TV.FONTE VELHA ,1,41.157692,-8.58491
 R.JUSTINO MARQUES ,1,41.22682,-8.680833
 R.TEATRO ,1,41.15338,-8.676479
 R.MÁRTIRES LIBERDADE ,1,41.15277,-8.613439
 R.ALEIXO ,1,41.150963,-8.649466
 R.SILVA AROSO ,1,41.227043,-8.698824
 AV.DESPORTOS ,1,41.195183,-8.501263
 R.CAPITÃO HENRIQUE GALVÃO ,1,41.161274,-8.629439
 TV.ESTAÇÃO ,1,41.18344,-8.557444
 R.DR.FARINHOTE ,1,41.247616,-8.663014
 R.ASPRELA ,1,41.184574,-8.604658
 VIA ACESSO CONTINENTE ,1,41.18,-8.657045
 PR.MUNICÍPIO ,1,41.232635,-8.622363
 R.9 AGOSTO ,1,41.20976,-8.531146
 R.PERO ALENQUER ,1,41.161537,-8.679182
 R.PADRE DIAMANTINO GOMES ,1,41.17342,-8.638627
 AV.MARGINAL ,1,41.09585,-8.590477
 R.BEATA D. MAFALDA ,1,41.165222,-8.575398
 R.28 JANEIRO ,1,41.13684,-8.63194
 R.SÃO JOÃO BOSCO ,1,41.16687,-8.647382
 LGO.RAMADA ALTA ,1,41.160263,-8.621762
 R.ASSUNÇÃO ,1,41.145515,-8.61522
 R.FRANCISCO SANCHES ,1,41.164707,-8.629773
 R.DUQUE LOULÉ ,1,41.14494,-8.604365
 R.SOUSA PINTO ,1,41.16912,-8.622739
 R. GENERAL JOSÉ VICENTE FREITAS ,1,41.199306,-8.657523
 R.ANTÓNIO CÂNDIDO ,1,41.164505,-8.610425
 R.N.SRA FÁTIMA ,1,41.160206,-8.623819
 R.COVÊLO ,1,41.166622,-8.607342
 R.PINTO MOURÃO FERREIRA ,1,41.12838,-8.609247
 R.SRA.DA HORA ,1,41.1453,-8.5765915
 RUA GEN. HUMBERTO DELGADO ,1,41.109997,-8.614417
 R.JOSÉ MARIA ALVES ,1,41.13068,-8.651778
 R.CÊRCA ,1,41.15447,-8.673742
 PR.PEDRA VERDE ,1,41.172607,-8.662449
 R.PROF.MANUEL CARDOSO RIBEIRO ,1,41.11251,-8.641981
 PR.IMPÉRIO ,1,41.155075,-8.673295
 R.CLEMENTE MENERES ,1,41.148106,-8.619874
 R.BELA ,1,41.22562,-8.545599
 LGO.AVIADORES ,1,41.126835,-8.610941
 R.ROSÁRIO ,1,41.151493,-8.621072
 LGO.ANTÓNIO CÁLEM ,1,41.148407,-8.653725
 R.PRAIA ,1,41.104008,-8.660814
 R.IGREJA PARANHOS ,1,41.173435,-8.60576
 AV.DR.MANUEL T.RUELA ,1,41.181877,-8.652925
 ALAM.EMPRESA ,1,41.13682,-8.629797
 R.GATÕES ,1,41.207333,-8.660281
 IC2 ACESSOS ,1,41.14388,-8.64188
 R.D.AFONSO II ,1,41.11168,-8.600241
 RUA ALFREDO DOS SANTOS OLIVEIRA ,1,41.10707,-8.60846
 R.COELHO NETO ,1,41.14749,-8.601546
 R.GONÇALO SAMPAIO ,1,41.15431,-8.631517
 R.ASSIS VAZ ,1,41.169323,-8.594099
 R.ALEIXO MOTA ,1,41.148838,-8.653397
 R.ARNALDO LEITE ,1,41.15135,-8.647289
 R.CONDE ALTO MEARIM ,1,41.182446,-8.6844845
 R.EGAS MONIZ ,1,41.162594,-8.619711
 R.DR.MÁRIO CAL BRANDÃO ,1,41.184734,-8.558052
 VILA D''ESTE ,1,41.09721,-8.588674
 R.JOSÉ MARIANI ,1,41.12588,-8.619088
 PR.LIÉGE ,1,41.155155,-8.677504
 R.AGRELA ,1,41.216946,-8.584127
 R.AVILHO ,1,41.193653,-8.639411
 R.FERNÃO MENDES PINTO ,1,41.11517,-8.608759
 R.CORONEL ALMEIDA VALENTE ,1,41.175133,-8.609432
 R.CARMO ,1,41.147335,-8.616795
 R.PROF.ALVARO RODRIGUES ,1,41.17574,-8.666704
 R.BARROSA ,1,41.12505,-8.6122055
 LGO.MIGUEL BOMBARDA ,1,41.137684,-8.613137
 R.ENG.FERREIRA DIAS ,1,41.170498,-8.6428795
 R.ESTAÇÃO ,1,41.187485,-8.486915
 R.ANTÓNIO PATRÍCIO ,1,41.1587,-8.6403885
 R.FERREIRA SANTOS ,1,41.15648,-8.578027
 R.D.ANTÓNIO FERREIRA GOMES ,1,41.125347,-8.614986
 R.GENERAL NOTON DE MATOS ,1,41.16298,-8.631536
 PEDRO HISPÂNO ,1,41.166546,-8.627276
 R.J.ALVES SILVA ,1,41.224236,-8.695333
 R.JÁU ,1,41.133,-8.608315
 R.Dr MANUEL FIGUEIREDO ,1,41.151737,-8.567042
 LGO.D.LUIS I ,1,41.13914,-8.609475
 R.BENTO JESUS CARAÇA ,1,41.139145,-8.53158
 LGO.PRIORADO ,1,41.155853,-8.62222
 RUA Nº.1 ,1,41.181217,-8.654265
 R.N.SRA.BOM DESPACHO ,1,41.236187,-8.630265
 AV.D.MARIA II ,1,41.175247,-8.674512
 R.HERÓIS DO ULTRAMAR ,1,41.10346,-8.588893
 PR.CIDADE SALVADOR ,1,41.173428,-8.689393
 R.SÁ E MELO ,1,41.19608,-8.611351
 R.PEDRAS RUBRAS ,1,41.238827,-8.666854
 R.N.SRA.FATIMA ,1,41.112442,-8.633991
 R.PADRE DIAMANTINO ,1,41.173164,-8.638512
 R.CALDEIREIROS ,1,41.14588,-8.612371
 R.JOÃO PEDRO RIBEIRO ,1,41.1607,-8.6058445
 ALAMEDA CARTES ,1,41.162605,-8.574848
 TV.RASA ,1,41.117336,-8.609655
 LGO.EIRÓZ ,1,41.09767,-8.625409
 TV.BICA VELHA ,1,41.16786,-8.620601
 R.LAGOA ,1,41.19169,-8.657813
 AV.DR.DOMINGOS GONÇALVES DE SÁ ,1,41.17694,-8.558736
 R.ENTRE MUROS ,1,41.12107,-8.633513
 R.PESO REGUA ,1,41.161594,-8.569413
 AV.NUNO ÁLVARES ,1,41.122334,-8.612107
 R.LIMA JÚNIOR ,1,41.16768,-8.6103525
 AV.ANTÓNIO COELHO MOREIRA ,1,41.098198,-8.629053
 R.SANTA CASA MESERICORDIA MAIA ,1,41.231964,-8.624694
 R.PINTOR ANTÓNIO CRUZ ,1,41.15723,-8.652693
 R.HERÓIS M.ANGOLA ,1,41.15106,-8.610808
 R.DR.JOSÉ AGUIAR NOGUEIRA ,1,41.185535,-8.486212
 R.MAURICIO PEREIRA PINTO ,1,41.15662,-8.579824
 R.JOÃO REGRAS ,1,41.155296,-8.611577
 TV.PRELADA ,1,41.169655,-8.632607
 R.ARCO ,1,41.213894,-8.601547
 R.JOÃO BARROS ,1,41.114433,-8.610684
 R.CARLOS MALHEIRO DIAS ,1,41.160675,-8.593789
 R.ANTERO ANTUNES DE ALBUQUERQUE ,1,41.1668,-8.5678835
 R.DR.ALBANO SÁ LIMA ,1,41.19184,-8.699254
 R.PROF.BONFIM BARREIROS ,1,41.168903,-8.584391
 R.VASCO SANTANA ,1,41.187813,-8.653631
 R.QUINTA AMARELA ,1,41.163242,-8.62406
 R.AUGUSTO ROSA ,1,41.14359,-8.607309
 LGO.ALFÂNDEGA ,1,41.144035,-8.6219845
 TV.SENRA ,1,41.131798,-8.653957
 TV.OUTEIRO TINE ,1,41.151394,-8.568767
 R.PENEDO ,1,41.09525,-8.62447
 R.SANTA MARTA PENAGUIÃO ,1,41.159786,-8.570246
 R.BERNARDO SANTARENO ,1,41.1768,-8.672157
 R.MANARIZ ,1,41.162,-8.546363
 AV.BEIRA MAR ,1,41.131023,-8.669259
 R.JORGE DIAS ,1,41.131615,-8.667523
 R.DELFIM FERREIRA ,1,41.169098,-8.645584
 R.PROF.SOUSA JÚNIOR ,1,41.17755,-8.6262455
 VIA PANORÂMICA EDGAR CARDOSO ,1,41.14961,-8.637238
 R.FONTAINHAS ,1,41.143753,-8.602177
 LGO.IGREJA PARANHOS ,1,41.174156,-8.605788
 LGO.MOINHO VENTO ,1,41.104015,-8.6593685
 R.BREINER ,1,41.1505,-8.6223345
 R.CARVALHA DE BAIXO ,1,41.163536,-8.538873
 R.GAMA BARROS ,1,41.16697,-8.570504
 R.DO FAROL ,1,41.15276,-8.677245
 R.ELISIO DE MELO ,1,41.14833,-8.612718
 PR.MACHADO SANTOS ,1,41.189205,-8.496443
 PR.DR.PEDRO.T.PEREIRA ,1,41.155945,-8.591698
 R.N.SRA.FÁTIMA ,1,41.15963,-8.625103
 LGO.S.PEDRO CAMPANHÃ ,1,41.146965,-8.573271
 R.BORDEAUX ,1,41.178688,-8.645283
 R.DIREITA VISO ,1,41.180584,-8.645202
 R.LUÍS WOODHOUSE ,1,41.168274,-8.592339
 R.COMBATENTES G.GUERRA ,1,41.143486,-8.534145
 R.DIONÍSIO SANTOS SILVA ,1,41.17493,-8.607067
 R.BOTICA ,1,41.23894,-8.663856
 R.LOUREIRO ,1,41.1059,-8.646579
 R.VERA CRUZ ,1,41.133606,-8.6306505
 R.SRA.PENHA ,1,41.18261,-8.648537
 LGO.OUTEIRO VERMOIM ,1,41.237774,-8.605068
 R.CARLOS MAIA ,1,41.17257,-8.608987
 R.CANTOR ZECA AFONSO ,1,41.163166,-8.608985
 TV.CALOUSTE GULBENKIAN ,1,41.177814,-8.560899
 PR.CORUJEIRA ,1,41.158337,-8.578478
 R.TELHEIRA ,1,41.177856,-8.614565
 ROT. NATÁLIA CORREIA ,1,41.197296,-8.489742
 R.DR.MAGALHÃES LEMOS ,1,41.14761,-8.60908
 R.LATINO COELHO ,1,41.159557,-8.601725
 R.DUARTE LOPES ,1,41.156998,-8.661136
 R.AURÉLIO PAZ DOS REIS ,1,41.176605,-8.620347
 LGO.STO.ANTONIO ,1,41.136402,-8.530813
 R.TAIPAS ,1,41.143642,-8.617178
 R.DR.JOSÉ D.OLIVEIRA ,1,41.19145,-8.699571
 R.NOVA REGADO ,1,41.170387,-8.620146
 RUA DE SARAH AFONSO ,1,41.17171,-8.636147
 R.ARMANDO LAROZE ROCHA ,1,41.176254,-8.624089
 R.CALOUSTE GULBENKIAN ,1,41.181,-8.559799
 R.BOUÇA CAVADINHA ,1,41.185112,-8.597352
 R.CÂNDIDA SÁ ALBERGARIA ,1,41.15366,-8.6758995
 R.FERNANDES ANJOS ,1,41.130688,-8.630901
 R.GONÇALO CRISTÓVÃO ,1,41.153603,-8.606471
 R.RICARDO SEVERO ,1,41.156834,-8.625038
 TV.ÁLVARO CASTELÕES ,1,41.166557,-8.601613
 R.FRANÇA BORGES ,1,41.206535,-8.636638
